date,symbol,direction,pnl,outcome,rr,notes
2024-01-02,EURUSD,long,320,win,3.2,Strong breakout entry
2024-01-03,GBPUSD,long,185,win,1.85,Trend continuation
2024-01-04,USDJPY,short,410,win,4.1,Perfect reversal setup
2024-01-05,EURUSD,long,275,win,2.75,News catalyst play
2024-01-08,GBPJPY,long,520,win,5.2,Massive momentum push
2024-01-09,AUDUSD,short,190,win,1.9,Clean breakdown
2024-01-10,EURUSD,long,380,win,3.8,Continuation pattern
2024-01-11,USDJPY,long,295,win,2.95,Solid trend follow
2024-01-12,GBPUSD,short,-150,loss,-1.5,Stopped out at highs
2024-01-15,EURUSD,long,445,win,4.45,Beautiful setup
2024-01-16,NZDUSD,long,210,win,2.1,Quick scalp win
2024-01-17,GBPJPY,short,-280,loss,-2.8,Reversal failed
2024-01-18,EURUSD,long,-320,loss,-3.2,Overtraded this one
2024-01-19,USDJPY,short,-450,loss,-4.5,Completely wrong direction
2024-01-22,GBPUSD,long,-380,loss,-3.8,News spike stopped me
2024-01-23,AUDUSD,long,-290,loss,-2.9,Bad read on market
2024-01-24,EURUSD,short,-520,loss,-5.2,Worst trade of month
2024-01-25,GBPJPY,long,-410,loss,-4.1,Revenge trading mistake
2024-01-26,USDJPY,long,-350,loss,-3.5,Still in drawdown
2024-01-29,NZDUSD,short,-280,loss,-2.8,Need to step back
2024-01-30,EURUSD,long,-190,loss,-1.9,Smaller size helped
2024-01-31,GBPUSD,short,-420,loss,-4.2,Brutal month end
2024-02-01,EURUSD,long,180,win,1.8,Fresh month fresh start
2024-02-02,USDJPY,short,290,win,2.9,Back to basics
2024-02-05,GBPJPY,long,350,win,3.5,Good patience
2024-02-06,AUDUSD,long,420,win,4.2,Trend is my friend
2024-02-07,EURUSD,short,280,win,2.8,Clean reversal
2024-02-08,GBPUSD,long,510,win,5.1,Monster breakout
2024-02-09,USDJPY,long,380,win,3.8,Riding momentum
2024-02-12,NZDUSD,short,290,win,2.9,Perfect entry
2024-02-13,EURUSD,long,620,win,6.2,Best trade in weeks
2024-02-14,GBPJPY,long,450,win,4.5,Valentines gift from market
2024-02-15,AUDUSD,short,-180,loss,-1.8,Small setback
2024-02-16,EURUSD,long,340,win,3.4,Quick recovery
2024-02-19,USDJPY,short,580,win,5.8,Huge reversal catch
2024-02-20,GBPUSD,long,410,win,4.1,Momentum continuation
2024-02-21,EURUSD,short,290,win,2.9,Scaling in worked
2024-02-22,GBPJPY,long,720,win,7.2,Account high watermark
2024-02-23,AUDUSD,long,380,win,3.8,Staying disciplined
2024-02-26,USDJPY,long,540,win,5.4,New equity highs
2024-02-27,NZDUSD,short,310,win,3.1,Consistent execution
2024-02-28,EURUSD,long,650,win,6.5,Perfect month end
2024-02-29,GBPUSD,short,480,win,4.8,Leap day bonus
